trade_id,timestamp,exchange,symbol,side,quantity,price_usd,fee_usd
ERR-0001,2025-10-01T09:00:00Z,Binance,BTC,BUY,0.5,100000,10.00
ERR-0002,2025-10-02T10:00:00Z,Binance,BTC,SELL,1.0,105000,10.00
ERR-0003,2025-10-03T11:00:00,Binance,ETH,BUY,1.0,3500,5.00
ERR-0004,2025-10-04T12:00:00Z,Kraken,SOL,BUY,10,200,2.00
ERR-0005,2025-10-05T13:00:00Z,Coinbase,SHIB,BUY,1000000,0.00002,1.00
ERR-0006,2025-10-06T14:00:00Z,Binance,BTC,HOLD,0.1,102000,1.00
ERR-0007,2025-10-07T15:00:00Z,Binance,ETH,BUY,-0.5,3400,2.00
ERR-0008,2025-10-08T16:00:00Z,Coinbase,SOL,BUY,5,-180,5.00
ERR-0009,2025-10-09T17:00:00Z,Binance,DOGE,BUY,1000,0.25,-5.00
ERR-0010,2025-10-10T18:00:00Z,Coinbase,BTC,BUY,1e-3,101000,1.00
ERR-0001,2025-10-11T19:00:00Z,Binance,CKB,BUY,50000,0.007,0.50
